{
  "hash": "6cee47bc",
  "configHash": "58869a55",
  "lockfileHash": "82757ba8",
  "browserHash": "6b265b3d",
  "optimized": {
    "@angular/core": {
      "src": "../../../../../node_modules/@angular/core/fesm2022/core.mjs",
      "file": "@angular_core.js",
      "fileHash": "ba5c6d25",
      "needsInterop": false
    },
    "@angular/forms": {
      "src": "../../../../../node_modules/@angular/forms/fesm2022/forms.mjs",
      "file": "@angular_forms.js",
      "fileHash": "0bddd17d",
      "needsInterop": false
    },
    "@angular/platform-browser": {
      "src": "../../../../../node_modules/@angular/platform-browser/fesm2022/platform-browser.mjs",
      "file": "@angular_platform-browser.js",
      "fileHash": "8c51adbf",
      "needsInterop": false
    },
    "@angular/router": {
      "src": "../../../../../node_modules/@angular/router/fesm2022/router.mjs",
      "file": "@angular_router.js",
      "fileHash": "c4560b14",
      "needsInterop": false
    }
  },
  "chunks": {
    "chunk-2EI6HD2D": {
      "file": "chunk-2EI6HD2D.js"
    },
    "chunk-Z4LWVPYP": {
      "file": "chunk-Z4LWVPYP.js"
    },
    "chunk-YVOBCSOD": {
      "file": "chunk-YVOBCSOD.js"
    }
  }
}